Płeć,Wiek,Wykształcenie,Średnie Zarobki,Czas Początkowy Podróży,Czas Końcowy Podróży,Cel Podróży
Kobieta,60.0,Średnie,3456.53,25:25,01:58,Rozrywka
Mężczyzna,63.0,Podstawowe,13293.14,20:47,,Rozrywka
Mężczyzna,45.0,Podstawowe,11873.53,10:23,20:54,Praca
Mężczyzna,48.0,Wyższe,8496.91,,21:17,Rozrywka
Kobieta,60.0,Średnie,3607.04,12:37,14:24,Edukacja
Mężczyzna,54.0,Średnie,12709.15,21:43,00:42,Edukacja
Kobieta,58.0,Wyższe,12995.56,11:25,22:08,Inne
Mężczyzna,55.0,Średnie,14266.65,13:42,16:45,Edukacja
Kobieta,35.0,Średnie,8109.42,06:46,14:37,Edukacja
Kobieta,25.0,Podstawowe,13046.78,05:57,10:53,Praca
Kobieta,30.0,Podstawowe,12480.1,05:37,16:36,Edukacja
Mężczyzna,39.0,Wyższe,8834.31,17:37,04:09,Edukacja
Kobieta,46.0,Średnie,9461.66,14:21,22:57,Edukacja
Kobieta,64.0,Wyższe,11245.6,12:24,12:59,Rozrywka
Kobieta,22.0,Średnie,6665.82,18:52,07:36,Rozrywka
,62.0,,,,,Rozrywka
Kobieta,62.0,Wyższe,10320.05,05:43,16:40,Praca
Kobieta,40.0,Podstawowe,8819.4,05:23,05:40,Edukacja
Kobieta,25.0,Średnie,7597.78,20:13,23:47,Rozrywka
Kobieta,50.0,Wyższe,3138.98,17:24,20:11,Edukacja
Kobieta,31.0,Średnie,4134.76,16:59,22:36,Inne
Kobieta,52.0,Średnie,14731.31,14:07,18:32,Edukacja
Kobieta,51.0,Podstawowe,10471.58,09:07,16:43,Praca
Mężczyzna,47.0,Średnie,8700.12,20:37,22:27,Praca
Mężczyzna,50.0,Średnie,10363.06,15:14,23:03,Zakupy
Mężczyzna,61.0,Wyższe,5767.57,09:49,16:12,Praca
Mężczyzna,18.0,Wyższe,12468.14,08:48,18:43,Rozrywka
Kobieta,18.0,Podstawowe,14633.01,18:56,21:09,Rozrywka
Kobieta,64.0,Podstawowe,3172.02,07:27,08:13,Praca
Mężczyzna,40.0,Wyższe,9389.43,,04:44,Praca
Kobieta,30.0,Podstawowe,6014.1,20:17,01:16,Zakupy
Mężczyzna,59.0,Wyższe,5750.52,22:36,06:07,Inne
Mężczyzna,54.0,Wyższe,3566.7,20:27,00:41,Inne
Mężczyzna,26.0,Średnie,11110.64,14:24,01:24,Praca
Mężczyzna,69.0,Wyższe,14856.17,21:43,04:09,Zakupy
Kobieta,50.0,Wyższe,3221.87,10:50,12:15,Praca
Kobieta,29.0,Wyższe,12673.42,23:52,04:33,Inne
Kobieta,28.0,Podstawowe,11414.95,23:13,10:50,Edukacja
Mężczyzna,53.0,Podstawowe,3997.86,17:42,23:13,Praca
Mężczyzna,53.0,Podstawowe,3434.6,12:23,15:51,Praca
Kobieta,64.0,Wyższe,8813.54,06:50,15:48,Inne
Kobieta,67.0,Wyższe,9422.14,23:42,00:45,Rozrywka
Kobieta,52.0,Podstawowe,7072.88,05:47,15:33,Praca
Mężczyzna,66.0,,3526.06,05:44,12:14,Inne
Kobieta,19.0,Podstawowe,8090.51,05:49,,Rozrywka
Mężczyzna,64.0,Średnie,10672.19,12:59,12:40,Zakupy
Kobieta,60.0,Średnie,8490.23,05:52,12:36,Inne
Kobieta,47.0,Średnie,14353.99,15:44,21:57,Praca
Kobieta,37.0,,,,,
Mężczyzna,64.0,Podstawowe,6709.99,19:15,02:27,Praca
Kobieta,61.0,Wyższe,12671.05,07:02,09:32,Edukacja
Mężczyzna,45.0,Wyższe,5417.52,15:52,22:37,Zakupy
Mężczyzna,69.0,Wyższe,4710.21,13:37,17:40,Inne
Kobieta,44.0,Średnie,6428.36,23:37,07:33,Inne
Mężczyzna,35.0,Podstawowe,6012.36,07:18,09:20,Rozrywka
Mężczyzna,47.0,Średnie,9629.09,09:41,19:43,Zakupy
Mężczyzna,32.0,Średnie,12833.74,18:33,00:51,Inne
Kobieta,65.0,Średnie,12451.0,14:59,19:37,Zakupy
Mężczyzna,29.0,Średnie,4770.67,05:40,13:56,Zakupy
Mężczyzna,38.0,Średnie,4997.57,09:41,18:17,Praca
Kobieta,51.0,Podstawowe,9112.37,20:37,00:09,Zakupy
Kobieta,25.0,Podstawowe,6039.5,16:43,19:46,Rozrywka
Kobieta,22.0,Średnie,3482.16,14:54,00:48,Rozrywka
Kobieta,30.0,Średnie,8151.52,06:28,16:49,Rozrywka
Kobieta,30.0,Średnie,11328.83,15:28,21:56,Edukacja
Kobieta,50.0,Wyższe,13730.98,10:22,18:43,Edukacja
Kobieta,32.0,Średnie,5932.46,10:11,15:06,Praca
Mężczyzna,19.0,Podstawowe,7283.4,08:31,08:51,Edukacja
Kobieta,61.0,Podstawowe,11865.41,16:06,17:26,Edukacja
Mężczyzna,44.0,Podstawowe,13098.41,18:47,22:01,Praca
Mężczyzna,43.0,Wyższe,5316.74,06:27,14:40,Inne
,,,,,,
Mężczyzna,49.0,Średnie,11178.35,23:33,04:36,Praca
Kobieta,69.0,Średnie,10217.83,21:01,23:14,Zakupy
Kobieta,54.0,Średnie,7792.17,11:46,12:50,Inne
Kobieta,69.0,Wyższe,14860.55,11:41,13:38,Zakupy
Kobieta,44.0,Podstawowe,3961.28,06:26,17:50,Rozrywka
Mężczyzna,28.0,Średnie,9064.64,10:04,12:07,Inne
Kobieta,38.0,Średnie,6123.45,12:08,13:37,Rozrywka
Kobieta,49.0,Średnie,11666.39,16:29,16:05,Edukacja
Kobieta,55.0,Średnie,6233.09,12:59,16:41,Inne
Kobieta,52.0,Podstawowe,7179.31,11:57,16:58,Inne
Kobieta,69.0,Podstawowe,7394.08,19:59,00:26,Praca
Kobieta,49.0,Podstawowe,4887.27,16:07,01:14,Rozrywka
Mężczyzna,24.0,Podstawowe,12036.87,23:43,08:28,Rozrywka
Mężczyzna,18.0,Wyższe,13331.76,10:00,15:23,Praca
Mężczyzna,26.0,Podstawowe,4225.24,07:19,07:15,Praca
Kobieta,29.0,Podstawowe,10198.88,18:58,23:15,Zakupy
Kobieta,55.0,Średnie,7942.03,22:25,23:31,Inne
Mężczyzna,24.0,Wyższe,8885.98,07:24,08:55,Inne
Kobieta,26.0,Wyższe,8132.16,23:27,05:50,Edukacja
Mężczyzna,33.0,Średnie,7046.9,15:28,17:11,Inne
Kobieta,19.0,Podstawowe,7968.81,12:55,23:55,Edukacja
Mężczyzna,24.0,Średnie,8925.63,15:54,23:28,Rozrywka
Kobieta,58.0,Średnie,3295.94,11:23,20:17,Rozrywka
Kobieta,65.0,Wyższe,3374.96,21:54,01:52,Edukacja
Kobieta,45.0,Podstawowe,6621.43,13:57,16:02,Zakupy
Mężczyzna,29.0,Wyższe,14770.77,13:32,13:16,Rozrywka
Mężczyzna,24.0,Wyższe,14764.12,18:37,21:31,Edukacja
Kobieta,69.0,Średnie,4511.82,17:13,23:09,Praca
Mężczyzna,18.0,Średnie,7884.03,17:03,18:42,Rozrywka
Kobieta,67.0,Średnie,6275.57,17:17,22:54,Inne
Mężczyzna,42.0,Podstawowe,13584.32,13:26,13:51,Zakupy
Mężczyzna,30.0,Wyższe,8075.97,19:01,05:05,Edukacja
Kobieta,34.0,Podstawowe,7791.23,06:02,17:43,Praca
Mężczyzna,37.0,Podstawowe,10858.06,10:56,20:35,Praca
Mężczyzna,39.0,Średnie,11035.99,12:48,19:07,Inne
Mężczyzna,23.0,Wyższe,6001.91,11:35,18:12,Praca
Mężczyzna,29.0,Podstawowe,7621.9,15:41,21:16,Praca
Kobieta,69.0,Średnie,7029.93,09:10,10:06,Inne
Kobieta,18.0,Podstawowe,5171.82,10:30,21:16,Praca
Mężczyzna,,Wyższe,,,,
Mężczyzna,60.0,Wyższe,13146.51,17:21,00:00,Rozrywka
Kobieta,37.0,Wyższe,11203.13,13:54,18:50,Rozrywka
Mężczyzna,18.0,Wyższe,4502.95,16:46,01:13,Edukacja
Mężczyzna,36.0,Średnie,8315.15,15:06,23:14,Zakupy
Kobieta,53.0,Podstawowe,3019.08,29:59,16:44,Rozrywka
Kobieta,54.0,Podstawowe,3663.7,19:33,22:37,Rozrywka
Kobieta,32.0,Wyższe,13904.45,17:49,01:21,Inne
Kobieta,53.0,Wyższe,6772.23,10:19,20:09,Zakupy
Kobieta,29.0,Średnie,6159.51,17:48,04:30,Rozrywka
Kobieta,50.0,Wyższe,6101.93,21:53,00:18,Rozrywka
Mężczyzna,26.0,Wyższe,10843.61,09:04,15:13,Praca
Mężczyzna,30.0,Wyższe,8576.26,07:40,11:07,Praca
Mężczyzna,44.0,Wyższe,5951.37,,17:10,Zakupy
Mężczyzna,62.0,Wyższe,13969.67,18:08,04:47,Edukacja
,,Podstawowe,4720.84,,,
Mężczyzna,67.0,Podstawowe,11022.03,07:43,07:05,Praca
Kobieta,26.0,Średnie,7348.49,21:21,04:50,Zakupy
Mężczyzna,55.0,Średnie,9375.89,14:16,01:59,Edukacja
Mężczyzna,59.0,Wyższe,12002.42,16:57,00:36,Praca
Kobieta,53.0,Wyższe,13709.34,08:32,17:17,Rozrywka
Mężczyzna,59.0,Średnie,4076.8,16:06,19:54,Edukacja
Mężczyzna,42.0,Średnie,4534.68,16:12,18:54,Edukacja
Mężczyzna,23.0,Średnie,8655.29,19:53,21:35,Zakupy
Mężczyzna,33.0,Średnie,7348.06,09:21,20:04,Edukacja
Kobieta,33.0,Średnie,5616.3,15:02,17:07,Zakupy
Kobieta,69.0,Wyższe,8244.85,17:57,22:29,Edukacja
Mężczyzna,54.0,Podstawowe,13442.25,05:31,14:58,Inne
Mężczyzna,44.0,Podstawowe,14198.03,07:20,15:43,Praca
Mężczyzna,47.0,Wyższe,7784.82,18:57,22:59,Praca
Kobieta,19.0,Podstawowe,13407.23,07:41,18:40,Zakupy
Mężczyzna,39.0,Wyższe,14225.27,21:13,06:06,Edukacja
Mężczyzna,39.0,Podstawowe,14854.38,08:48,18:33,Edukacja
Kobieta,69.0,Średnie,14652.96,06:10,11:09,Inne
Mężczyzna,23.0,Podstawowe,10230.17,21:01,03:30,Inne
Mężczyzna,56.0,Średnie,5980.79,23:08,02:16,Rozrywka
Kobieta,58.0,Wyższe,4581.35,11:40,20:31,Zakupy
Kobieta,35.0,Wyższe,3989.83,14:44,18:04,Rozrywka
Mężczyzna,64.0,Podstawowe,6433.61,13:48,19:26,Rozrywka
Kobieta,37.0,Podstawowe,5513.66,17:43,02:44,Rozrywka
Mężczyzna,49.0,Podstawowe,13440.93,15:44,00:25,Inne
Mężczyzna,70.0,Średnie,3262.09,17:41,,Zakupy
Kobieta,37.0,Podstawowe,7735.51,23:42,01:16,Inne
Kobieta,32.0,Średnie,6506.74,12:00,22:02,Praca
Kobieta,54.0,Średnie,10068.2,21:32,02:22,Rozrywka
Kobieta,66.0,Wyższe,10553.58,17:24,21:20,Rozrywka
Mężczyzna,46.0,Podstawowe,12920.32,15:49,19:35,Zakupy
Kobieta,55.0,Wyższe,10950.53,12:10,13:05,Zakupy
Kobieta,34.0,Średnie,9439.81,20:24,07:54,Inne
Mężczyzna,56.0,Podstawowe,10918.0,10:41,14:59,Zakupy
Mężczyzna,62.0,Podstawowe,3954.69,13:38,17:16,Praca
Mężczyzna,43.0,Wyższe,12965.83,18:07,23:46,Zakupy
Kobieta,23.0,Podstawowe,11103.1,13:47,19:13,Rozrywka
Kobieta,65.0,Podstawowe,9546.19,05:13,05:34,Zakupy
Mężczyzna,51.0,Średnie,7866.47,16:55,21:02,Inne
Kobieta,70.0,Podstawowe,10876.26,13:58,21:59,Inne
Mężczyzna,57.0,Wyższe,9959.32,17:49,00:50,Praca
Mężczyzna,60.0,Wyższe,4429.65,10:57,10:30,Edukacja
Kobieta,23.0,Wyższe,4974.01,23:10,04:14,Edukacja
Kobieta,66.0,Podstawowe,6345.52,19:18,00:38,Praca
Kobieta,,Podstawowe,9295.55,14:52,20:13,Praca
Mężczyzna,48.0,Średnie,12836.07,17:45,00:53,Praca
Mężczyzna,57.0,Średnie,6511.64,08:44,19:21,Rozrywka
Kobieta,41.0,Podstawowe,14928.02,05:13,05:12,Zakupy
Kobieta,42.0,Średnie,7341.84,14:39,14:16,Rozrywka
Kobieta,68.0,Średnie,3995.82,18:05,02:47,Zakupy
Mężczyzna,23.0,Podstawowe,9450.39,16:01,17:38,Edukacja
Mężczyzna,33.0,Średnie,9638.43,13:46,14:57,Edukacja
Kobieta,24.0,Średnie,7630.92,30:24,23:18,Inne
Kobieta,20.0,Wyższe,7251.69,08:34,13:23,Edukacja
Mężczyzna,41.0,Średnie,6529.35,11:53,13:25,Inne
Kobieta,52.0,Podstawowe,5262.19,20:43,21:53,Rozrywka
Kobieta,58.0,Średnie,3041.78,08:32,18:00,Rozrywka
Mężczyzna,46.0,Średnie,9101.18,23:31,09:50,Edukacja
Kobieta,57.0,Wyższe,13453.14,13:59,18:49,Praca
Mężczyzna,70.0,Średnie,7946.29,22:40,06:59,Rozrywka
Kobieta,53.0,Podstawowe,11641.86,20:13,03:09,Zakupy
Kobieta,40.0,Podstawowe,5068.1,06:44,15:10,Rozrywka
Mężczyzna,50.0,Wyższe,4487.07,14:51,00:49,Zakupy
Kobieta,56.0,Wyższe,8679.93,08:20,10:00,Rozrywka
Mężczyzna,60.0,Wyższe,3560.21,23:32,01:42,Zakupy
Kobieta,36.0,Średnie,3875.16,19:07,04:45,Inne
,40.0,,,21:30,,
Kobieta,57.0,Wyższe,5206.87,12:17,17:11,
Kobieta,19.0,Średnie,3492.93,09:52,19:03,Rozrywka
Mężczyzna,27.0,Wyższe,9244.47,23:27,,Praca
Kobieta,32.0,Podstawowe,11075.02,14:14,18:09,Zakupy
Kobieta,34.0,Podstawowe,4276.15,17:59,03:23,Edukacja
Kobieta,70.0,Wyższe,4566.9,15:52,02:45,Edukacja
Kobieta,22.0,Wyższe,12900.64,07:18,15:04,Edukacja
Kobieta,31.0,Średnie,5057.23,16:58,18:24,Inne
Kobieta,59.0,Podstawowe,5424.19,16:55,16:44,Praca
Kobieta,29.0,Wyższe,11260.28,09:32,10:26,Rozrywka
Mężczyzna,21.0,Wyższe,3092.11,15:16,02:35,Zakupy
Kobieta,23.0,Średnie,7264.92,16:20,18:23,Praca
Kobieta,44.0,Średnie,14365.0,18:19,18:36,Inne
Kobieta,37.0,Podstawowe,7864.8,07:02,17:54,Edukacja
Mężczyzna,42.0,Średnie,14462.72,17:33,18:53,Praca
Kobieta,63.0,Wyższe,10445.82,05:23,10:23,Rozrywka
Kobieta,53.0,Podstawowe,9875.5,21:10,01:17,Praca
Mężczyzna,62.0,Średnie,13433.23,12:36,16:43,Praca
Mężczyzna,31.0,Wyższe,5337.72,18:58,19:02,Edukacja
Mężczyzna,65.0,Podstawowe,5623.05,12:37,17:55,Rozrywka
,,,,15:54,16:35,
Mężczyzna,18.0,Wyższe,6164.54,15:15,15:07,Zakupy
Kobieta,41.0,Średnie,9291.72,17:25,22:04,Edukacja
Kobieta,51.0,Średnie,7135.81,10:08,15:01,Zakupy
Kobieta,35.0,Podstawowe,10323.21,08:06,17:40,Praca
Kobieta,38.0,Podstawowe,9098.96,09:26,10:37,Praca
Mężczyzna,25.0,Średnie,9234.56,09:49,18:58,Praca
Mężczyzna,57.0,Średnie,11059.39,09:38,15:12,Edukacja
Kobieta,54.0,Wyższe,11280.82,19:32,01:42,Zakupy
Kobieta,34.0,Wyższe,7516.46,07:30,09:21,Praca
Mężczyzna,29.0,Wyższe,9143.69,22:35,07:45,Zakupy
Mężczyzna,64.0,Średnie,9536.78,10:58,15:06,Zakupy
Mężczyzna,40.0,Średnie,3600.61,15:55,22:07,Rozrywka
Mężczyzna,27.0,Wyższe,11530.88,21:51,04:51,Zakupy
Mężczyzna,47.0,Podstawowe,10230.58,15:44,20:17,Zakupy
Kobieta,28.0,Średnie,,05:24,16:14,Inne
Kobieta,19.0,Podstawowe,14708.98,20:08,20:56,Rozrywka
Kobieta,66.0,Wyższe,4064.14,22:29,00:10,Edukacja
Mężczyzna,42.0,Podstawowe,8030.59,21:26,00:03,Edukacja
Kobieta,21.0,Średnie,3772.94,11:26,12:37,Edukacja
Kobieta,24.0,Podstawowe,10880.39,05:24,07:35,Inne
Kobieta,67.0,Wyższe,11575.84,20:18,01:25,Edukacja
Mężczyzna,20.0,Średnie,5588.63,22:46,00:21,Edukacja
Mężczyzna,,,,11:35,,
Mężczyzna,45.0,Średnie,6787.74,10:54,11:54,Zakupy
Kobieta,39.0,Średnie,13715.36,08:08,08:00,Rozrywka
Kobieta,34.0,Podstawowe,13832.14,13:52,00:46,Rozrywka
Kobieta,66.0,Średnie,10786.39,11:33,16:58,Inne
Mężczyzna,68.0,Średnie,3221.37,18:30,05:48,Rozrywka
Mężczyzna,60.0,Średnie,13851.57,17:23,00:08,Rozrywka
Kobieta,31.0,Wyższe,4248.39,11:31,17:22,Inne
Mężczyzna,64.0,Podstawowe,3139.45,,22:57,Edukacja
Kobieta,29.0,Średnie,12141.72,15:42,16:52,Edukacja
Kobieta,69.0,Podstawowe,12677.78,13:26,19:56,Inne
Mężczyzna,62.0,Wyższe,14154.62,11:00,11:41,Edukacja
Kobieta,38.0,Podstawowe,11135.51,09:44,15:17,Edukacja
Mężczyzna,47.0,Podstawowe,11219.68,14:13,18:26,Rozrywka
Kobieta,19.0,Wyższe,7519.33,08:52,13:40,Praca
Kobieta,55.0,Średnie,7016.84,20:26,21:56,Inne
Kobieta,35.0,Średnie,14351.98,12:29,21:59,Praca
Mężczyzna,43.0,Średnie,13726.88,19:35,22:00,Zakupy
,,,3231.28,,15:19,
Kobieta,40.0,Podstawowe,3109.35,10:40,17:04,Edukacja
Kobieta,36.0,Średnie,4659.35,08:22,11:08,Praca
Mężczyzna,30.0,Podstawowe,7063.08,05:08,06:43,Inne
Kobieta,69.0,Podstawowe,10797.35,07:27,14:23,Inne
Kobieta,24.0,Wyższe,10618.45,10:16,17:37,Inne
Mężczyzna,21.0,Średnie,4713.44,17:01,03:13,Rozrywka
Kobieta,33.0,Podstawowe,10381.1,17:45,04:49,Rozrywka
Mężczyzna,50.0,Średnie,6967.64,22:05,02:42,Inne
Kobieta,66.0,,6859.86,09:55,14:14,Rozrywka
Kobieta,29.0,Podstawowe,8583.88,12:21,12:27,Inne
Mężczyzna,40.0,Średnie,12568.58,08:56,08:11,Rozrywka
Kobieta,38.0,Podstawowe,11871.51,20:42,01:47,Praca
Mężczyzna,53.0,Podstawowe,14619.43,17:29,17:11,Inne
Kobieta,62.0,Średnie,10400.0,13:33,16:22,Rozrywka
Kobieta,56.0,Średnie,4789.5,23:59,23:11,Edukacja
Kobieta,39.0,Wyższe,11715.23,23:45,05:06,Inne
Kobieta,35.0,Podstawowe,5461.5,14:15,22:56,Edukacja
Mężczyzna,58.0,Podstawowe,11480.64,06:30,16:47,Edukacja
Kobieta,45.0,Podstawowe,8922.29,23:02,10:37,Rozrywka
Kobieta,40.0,Średnie,14661.08,11:19,12:48,Edukacja
Mężczyzna,39.0,Wyższe,7704.71,14:27,19:22,Edukacja
Mężczyzna,44.0,Podstawowe,7779.71,11:50,13:39,Edukacja
Kobieta,61.0,Wyższe,10987.71,15:19,20:37,Zakupy
Mężczyzna,61.0,Średnie,8058.44,10:07,12:27,Rozrywka
Kobieta,22.0,Średnie,14557.88,14:34,16:00,Inne
Kobieta,,Podstawowe,12510.52,05:54,06:28,Zakupy
Mężczyzna,60.0,Wyższe,6078.34,07:26,18:23,Inne
Kobieta,43.0,Podstawowe,14828.33,07:05,11:16,Rozrywka
Mężczyzna,40.0,Średnie,13151.92,12:01,15:45,Zakupy
Kobieta,40.0,Średnie,8041.79,14:03,00:05,Inne
Mężczyzna,69.0,Podstawowe,9093.16,08:58,16:30,Edukacja
Mężczyzna,38.0,Podstawowe,,12:22,17:32,Inne
Mężczyzna,,Średnie,5044.86,20:36,21:18,Inne
Mężczyzna,43.0,Podstawowe,4298.56,07:08,09:00,Rozrywka
Kobieta,69.0,Wyższe,6865.02,07:58,16:22,Praca
Kobieta,33.0,Podstawowe,4357.35,07:06,11:34,Zakupy
Mężczyzna,20.0,Wyższe,4662.31,08:33,11:40,Rozrywka
Kobieta,18.0,Wyższe,13426.47,15:35,20:23,Praca
Kobieta,54.0,Podstawowe,11561.94,05:23,13:37,Inne
Mężczyzna,35.0,Podstawowe,6840.45,07:41,14:41,Praca
Mężczyzna,61.0,Podstawowe,11938.63,21:37,00:39,Inne
Mężczyzna,26.0,Podstawowe,12263.33,21:35,02:19,Praca
Kobieta,41.0,Podstawowe,7023.88,15:30,01:12,Zakupy
Mężczyzna,41.0,Wyższe,9805.2,22:11,02:31,Inne
Kobieta,66.0,Podstawowe,14946.53,17:21,00:18,Zakupy
Kobieta,49.0,Wyższe,9511.48,16:08,17:19,Inne
Kobieta,34.0,Podstawowe,5222.82,15:57,20:41,Praca
Kobieta,45.0,Wyższe,10615.69,18:42,05:31,Praca
,,,4009.83,10:53,,
Kobieta,70.0,Podstawowe,7054.51,19:37,00:24,Zakupy
Mężczyzna,37.0,Podstawowe,5137.59,20:13,01:23,Zakupy
,,,,,20:55,Inne
Mężczyzna,36.0,Podstawowe,4595.01,21:01,05:53,Praca
Kobieta,52.0,Podstawowe,13736.51,12:02,15:39,Edukacja
Mężczyzna,39.0,Wyższe,13132.55,08:50,09:24,Praca
Mężczyzna,24.0,Wyższe,4068.42,13:34,20:56,Praca
Mężczyzna,69.0,Podstawowe,6768.1,09:32,20:07,Rozrywka
Mężczyzna,45.0,Średnie,12685.16,09:57,14:32,Rozrywka
Mężczyzna,52.0,Wyższe,3779.28,17:48,00:09,Rozrywka
Mężczyzna,50.0,Podstawowe,5248.38,05:41,16:00,Zakupy
Mężczyzna,29.0,Wyższe,9025.36,16:48,18:46,Edukacja
Mężczyzna,36.0,Średnie,7858.95,11:09,13:34,Rozrywka
Kobieta,35.0,Średnie,11443.94,22:16,04:12,Rozrywka
Kobieta,47.0,Podstawowe,6533.12,08:44,10:10,Praca
Kobieta,32.0,Średnie,10323.61,22:00,08:37,Edukacja
Mężczyzna,65.0,Wyższe,6382.83,09:31,10:52,Rozrywka
Kobieta,30.0,Średnie,13181.76,20:33,22:22,Edukacja
Kobieta,56.0,Wyższe,4869.26,15:32,23:22,Praca
Mężczyzna,24.0,Średnie,4409.05,06:31,15:35,Inne
Kobieta,58.0,Średnie,5460.0,18:12,03:18,Praca
Mężczyzna,31.0,Średnie,9675.53,23:13,01:14,Edukacja
Kobieta,21.0,Podstawowe,10264.86,06:17,08:23,Rozrywka
Kobieta,64.0,Średnie,5603.31,09:36,15:01,Rozrywka
Mężczyzna,49.0,Wyższe,10978.56,12:22,13:14,Edukacja
Mężczyzna,56.0,Podstawowe,7980.77,12:47,14:15,Edukacja
Mężczyzna,24.0,Średnie,9616.57,16:40,,Praca
Kobieta,69.0,Średnie,8201.05,06:31,10:32,Rozrywka
Mężczyzna,51.0,Wyższe,3421.35,08:52,15:38,Edukacja
Kobieta,45.0,Podstawowe,14814.24,08:31,18:24,Rozrywka
Kobieta,55.0,Wyższe,11289.13,07:10,16:40,Praca
Kobieta,28.0,Średnie,3292.37,17:17,17:58,Rozrywka
Mężczyzna,54.0,Podstawowe,13661.61,11:37,20:26,Praca
Kobieta,65.0,Średnie,10400.05,11:24,,Edukacja
Mężczyzna,67.0,Podstawowe,7736.47,13:04,19:04,Praca
Mężczyzna,19.0,Podstawowe,6192.03,15:38,17:26,Rozrywka
Kobieta,58.0,Średnie,7835.09,21:10,00:11,Rozrywka
Kobieta,52.0,Podstawowe,3380.84,10:02,13:01,Zakupy
Mężczyzna,63.0,Średnie,7099.17,16:36,00:01,Inne
Mężczyzna,35.0,Średnie,5551.52,13:46,20:43,Inne
Kobieta,36.0,Podstawowe,5581.37,15:03,22:46,Inne
Kobieta,32.0,Wyższe,8454.39,14:52,17:44,Rozrywka
Kobieta,55.0,Wyższe,7772.64,16:23,23:30,Zakupy
Mężczyzna,20.0,Podstawowe,9253.55,30:51,04:30,Edukacja
Kobieta,55.0,Wyższe,5975.69,08:06,14:05,Rozrywka
Mężczyzna,54.0,Wyższe,13239.2,22:54,03:40,Rozrywka
Mężczyzna,44.0,Średnie,13035.43,22:06,02:43,Rozrywka
Mężczyzna,66.0,Średnie,9356.64,07:35,16:07,Praca
Kobieta,20.0,Średnie,4105.98,19:33,06:33,Inne
Mężczyzna,43.0,Wyższe,10462.94,09:21,20:08,Praca
Kobieta,35.0,Podstawowe,7031.03,10:05,20:44,Edukacja
Kobieta,41.0,Średnie,6790.4,07:15,12:04,Edukacja
Kobieta,46.0,Podstawowe,10250.59,11:40,18:02,Rozrywka
Kobieta,68.0,Średnie,7297.5,08:20,11:13,Edukacja
Kobieta,26.0,Podstawowe,3297.58,07:25,09:38,Rozrywka
Kobieta,36.0,Podstawowe,10267.34,22:52,03:47,Zakupy
Mężczyzna,45.0,Wyższe,13631.18,23:49,06:20,Rozrywka
Kobieta,65.0,Podstawowe,9057.89,20:13,07:52,Zakupy
Mężczyzna,33.0,Wyższe,14393.77,07:56,17:47,Zakupy
Mężczyzna,35.0,Podstawowe,3751.58,07:23,16:30,Rozrywka
Mężczyzna,68.0,Wyższe,13057.9,08:23,15:33,Praca
Mężczyzna,41.0,Podstawowe,7611.96,21:09,01:14,Rozrywka
Mężczyzna,47.0,Wyższe,12597.51,07:28,18:51,Edukacja
Mężczyzna,24.0,Podstawowe,6225.59,21:34,21:54,Rozrywka
Mężczyzna,,Średnie,12219.08,15:18,16:30,Zakupy
Mężczyzna,51.0,Średnie,9520.63,23:38,04:14,Praca
,,,8401.93,,,Edukacja
Mężczyzna,65.0,Podstawowe,4652.34,06:47,13:12,Zakupy
Kobieta,59.0,Podstawowe,7233.54,08:38,09:53,Edukacja
Kobieta,37.0,Średnie,10581.14,23:48,05:25,Inne
Kobieta,51.0,Średnie,11578.67,08:14,14:41,Edukacja
Kobieta,37.0,Średnie,5581.11,15:19,20:43,Rozrywka
Kobieta,68.0,Wyższe,14390.13,19:21,04:16,Zakupy
Mężczyzna,70.0,Wyższe,10090.89,10:29,12:41,Praca
Kobieta,32.0,Średnie,4848.37,13:24,16:54,Rozrywka
Mężczyzna,22.0,Średnie,8608.35,18:19,02:06,Praca
Kobieta,57.0,Średnie,12433.89,15:52,21:23,Inne
Mężczyzna,46.0,Wyższe,11524.67,05:47,13:59,Rozrywka
Mężczyzna,30.0,Wyższe,8926.64,19:02,01:21,Edukacja
Kobieta,66.0,Wyższe,12512.86,14:55,18:50,Rozrywka
Kobieta,70.0,Średnie,11063.0,10:47,17:51,Zakupy
Kobieta,67.0,Podstawowe,8502.06,14:36,23:53,Zakupy
Kobieta,53.0,Podstawowe,4673.23,08:25,15:42,Inne
Mężczyzna,35.0,Średnie,8249.71,19:18,00:33,Inne
Mężczyzna,40.0,Średnie,11648.51,07:40,11:41,Edukacja
Kobieta,48.0,Średnie,12049.86,07:25,08:06,Edukacja
Kobieta,52.0,Średnie,3867.56,09:47,18:41,Inne
Kobieta,41.0,Średnie,9968.02,23:00,23:54,Praca
Mężczyzna,21.0,Wyższe,11080.29,12:38,23:49,Inne
Mężczyzna,38.0,Podstawowe,10482.16,15:19,20:23,Praca
Kobieta,52.0,Wyższe,9164.34,14:13,00:54,Rozrywka
Mężczyzna,25.0,Średnie,12593.68,17:01,22:03,Inne
Kobieta,47.0,Wyższe,4628.16,19:05,22:38,Rozrywka
Mężczyzna,31.0,Podstawowe,6129.86,10:39,14:16,Praca
Kobieta,62.0,Średnie,9136.58,25:14,22:39,Edukacja
Kobieta,28.0,Wyższe,10966.07,19:01,21:34,Zakupy
Mężczyzna,56.0,Średnie,4522.8,09:00,20:34,Zakupy
Kobieta,42.0,Średnie,10363.31,09:35,15:22,Inne
Mężczyzna,54.0,Średnie,5951.04,20:16,21:36,Edukacja
Kobieta,31.0,Podstawowe,8332.32,13:34,21:35,Edukacja
Kobieta,52.0,Wyższe,3911.95,12:17,16:26,Rozrywka
Kobieta,25.0,Wyższe,13336.33,13:43,18:42,Praca
Kobieta,61.0,Wyższe,12700.56,,10:33,Zakupy
Mężczyzna,59.0,Wyższe,8002.03,06:01,16:35,Praca
Mężczyzna,68.0,Średnie,11872.22,11:00,11:25,Zakupy
Mężczyzna,70.0,Podstawowe,6131.24,18:54,23:21,Inne
Mężczyzna,19.0,Podstawowe,12016.8,11:52,12:57,Zakupy
Kobieta,55.0,Wyższe,7223.34,14:22,23:01,Rozrywka
Kobieta,62.0,Wyższe,11134.67,21:13,00:31,Inne
Mężczyzna,32.0,Podstawowe,8963.97,22:42,02:35,Zakupy
Kobieta,36.0,Podstawowe,3945.46,21:51,23:08,Inne
Kobieta,50.0,Podstawowe,9434.94,20:01,23:31,Zakupy
Kobieta,46.0,Podstawowe,5089.71,08:04,15:21,Rozrywka
Kobieta,20.0,Podstawowe,7168.83,06:25,06:02,Zakupy
Kobieta,36.0,Średnie,12522.6,13:19,14:01,Praca
Kobieta,67.0,Wyższe,4487.0,05:25,06:32,Rozrywka
Mężczyzna,53.0,Średnie,14345.77,19:49,05:08,Rozrywka
Mężczyzna,57.0,Średnie,13631.72,06:39,15:51,Praca
Kobieta,59.0,Wyższe,10946.85,23:55,10:31,Praca
Kobieta,20.0,Podstawowe,7319.42,21:04,06:14,Zakupy
Mężczyzna,62.0,Wyższe,14348.1,12:47,13:46,Rozrywka
Kobieta,53.0,Wyższe,7101.88,16:50,00:34,Rozrywka
Kobieta,30.0,Wyższe,14789.82,10:12,15:38,Praca
Mężczyzna,61.0,Średnie,12905.38,17:57,22:01,Inne
Mężczyzna,35.0,Wyższe,3472.58,15:45,17:52,Rozrywka
Kobieta,57.0,Średnie,9506.18,14:17,16:34,Praca
Kobieta,25.0,Średnie,4123.13,27:25,14:34,Edukacja
Mężczyzna,37.0,Wyższe,6281.08,23:40,09:20,Zakupy
Mężczyzna,28.0,Podstawowe,12654.63,22:03,06:22,Praca
Kobieta,36.0,Podstawowe,10345.53,13:59,00:27,Zakupy
Kobieta,25.0,Średnie,6446.81,12:20,19:55,Edukacja
Mężczyzna,65.0,Wyższe,9738.86,17:34,18:00,Rozrywka
Kobieta,61.0,Średnie,13709.95,21:02,05:37,Rozrywka
Kobieta,49.0,Podstawowe,4617.34,13:31,16:34,Praca
Kobieta,64.0,Średnie,7788.63,19:56,00:45,Edukacja
Kobieta,56.0,Średnie,7251.36,07:30,14:37,Rozrywka
Kobieta,20.0,Podstawowe,12839.19,08:06,14:53,Edukacja
Mężczyzna,31.0,Średnie,8555.66,06:59,10:07,Edukacja
Mężczyzna,34.0,Średnie,9875.37,20:43,06:21,Zakupy
Mężczyzna,49.0,Wyższe,11353.97,06:18,17:58,Praca
Mężczyzna,23.0,Podstawowe,9468.08,19:06,02:11,Rozrywka
Mężczyzna,67.0,Średnie,12357.44,20:34,02:21,Zakupy
Mężczyzna,27.0,Podstawowe,6937.53,16:32,03:22,Rozrywka
Kobieta,49.0,Wyższe,10484.92,09:24,13:34,Rozrywka
Kobieta,25.0,Średnie,5570.0,10:05,21:18,Rozrywka
Mężczyzna,57.0,Podstawowe,7618.23,23:32,09:46,Edukacja
Kobieta,38.0,Wyższe,9743.09,20:10,20:56,Inne
Mężczyzna,57.0,Wyższe,10510.68,13:05,00:46,Zakupy
Mężczyzna,42.0,Wyższe,7442.76,21:17,00:25,Inne
Kobieta,43.0,Średnie,12429.8,11:43,11:12,Edukacja
Mężczyzna,39.0,Wyższe,9860.52,13:32,20:08,Rozrywka
Kobieta,32.0,,8299.19,06:50,16:35,Praca
Mężczyzna,43.0,Wyższe,11121.94,18:49,19:31,Zakupy
Kobieta,30.0,Średnie,14450.06,23:02,03:05,Zakupy
Kobieta,54.0,Średnie,4865.17,13:21,17:52,Rozrywka
Mężczyzna,64.0,Wyższe,13096.62,07:16,14:19,Zakupy
Mężczyzna,69.0,Wyższe,6059.91,15:22,17:18,Edukacja
Mężczyzna,42.0,Podstawowe,4437.7,12:26,14:09,Rozrywka
Mężczyzna,37.0,Średnie,11960.61,13:14,22:25,Praca
Kobieta,36.0,Średnie,11256.17,15:00,16:16,Zakupy
,55.0,Wyższe,6432.61,18:59,21:11,Inne
Mężczyzna,37.0,Podstawowe,4938.24,20:58,20:54,Rozrywka
Kobieta,50.0,Średnie,3511.59,08:34,14:37,Praca
Mężczyzna,59.0,Podstawowe,3112.7,11:46,19:23,Praca
Kobieta,62.0,Średnie,7994.63,09:34,10:36,Inne
Mężczyzna,27.0,Podstawowe,13508.02,22:48,22:26,Praca
Mężczyzna,63.0,Średnie,10983.51,19:26,06:42,Inne
Mężczyzna,68.0,Wyższe,9087.27,14:17,21:22,Praca
Mężczyzna,19.0,Średnie,10459.23,05:22,15:00,Praca
Kobieta,48.0,Średnie,13216.63,06:29,17:18,Praca
Kobieta,37.0,Średnie,10887.5,10:17,14:15,Edukacja
Kobieta,57.0,Wyższe,11106.02,11:13,16:27,Inne
Kobieta,37.0,Podstawowe,11081.15,07:25,16:38,Edukacja
Kobieta,23.0,Średnie,13066.74,15:22,15:37,Edukacja
Mężczyzna,47.0,Podstawowe,5885.63,07:23,10:04,Praca
Mężczyzna,36.0,Wyższe,8752.85,13:17,18:44,Edukacja
Mężczyzna,38.0,Wyższe,5711.32,12:20,15:09,Edukacja
Mężczyzna,69.0,Średnie,6549.99,06:20,06:39,Zakupy
Mężczyzna,46.0,Wyższe,7113.71,09:12,18:27,Edukacja
Mężczyzna,41.0,Średnie,4776.16,09:08,10:22,Rozrywka
Mężczyzna,23.0,Podstawowe,11657.06,23:23,09:56,Inne
Mężczyzna,41.0,Wyższe,3982.44,23:32,23:05,Inne
Mężczyzna,22.0,Wyższe,11999.98,16:15,22:47,Rozrywka
Kobieta,34.0,Podstawowe,4318.14,22:24,07:36,Rozrywka
Kobieta,55.0,Średnie,7058.58,07:19,12:32,Praca
Mężczyzna,54.0,Średnie,4645.29,25:52,03:20,Inne
Kobieta,57.0,Średnie,7735.35,09:40,13:33,Inne
Kobieta,45.0,Wyższe,3546.8,20:18,00:33,Praca
Mężczyzna,39.0,Wyższe,3948.54,06:50,09:10,Zakupy
Kobieta,37.0,Średnie,8324.83,19:03,23:42,Zakupy
Kobieta,35.0,Wyższe,10168.81,15:40,15:54,Praca
Mężczyzna,68.0,Wyższe,9459.17,21:21,00:51,Rozrywka
Mężczyzna,65.0,Podstawowe,8960.68,11:44,20:23,Inne
Mężczyzna,28.0,Średnie,11869.2,07:16,17:54,Rozrywka
Mężczyzna,64.0,Podstawowe,11475.11,06:55,08:12,Rozrywka
Kobieta,61.0,Podstawowe,13610.28,10:58,11:50,Rozrywka
Mężczyzna,57.0,Średnie,10555.58,18:34,00:46,Zakupy
Mężczyzna,21.0,Podstawowe,6660.41,22:21,01:23,Praca
Mężczyzna,68.0,Średnie,12788.83,06:53,16:00,Rozrywka
Mężczyzna,34.0,Średnie,9364.12,11:29,17:36,Edukacja
Kobieta,50.0,Średnie,7863.78,23:31,01:24,Zakupy
Mężczyzna,40.0,Wyższe,12389.8,21:49,23:49,Praca
Mężczyzna,47.0,Średnie,12127.26,15:17,21:12,Zakupy
Kobieta,46.0,Średnie,4473.63,07:48,07:56,Zakupy
Mężczyzna,35.0,Wyższe,11946.76,05:35,13:47,Zakupy
Mężczyzna,25.0,Wyższe,4859.52,15:38,18:52,Praca
Mężczyzna,43.0,Podstawowe,11857.67,19:58,22:50,Inne
Kobieta,52.0,Podstawowe,13905.0,20:06,06:27,Inne
Kobieta,61.0,Podstawowe,14938.3,15:09,00:07,Rozrywka
Mężczyzna,55.0,Podstawowe,12506.68,22:52,22:40,Praca
Kobieta,18.0,Podstawowe,7970.56,10:21,14:47,Edukacja
Mężczyzna,67.0,Średnie,9601.07,11:20,19:45,Inne
Mężczyzna,36.0,Średnie,7230.87,15:00,,Zakupy
Kobieta,43.0,Średnie,6270.85,12:04,20:34,Inne
Mężczyzna,31.0,Wyższe,9646.78,07:45,12:15,Praca
Mężczyzna,45.0,Wyższe,7556.83,21:20,07:28,Rozrywka
Mężczyzna,40.0,Wyższe,11834.86,17:14,21:17,Edukacja
Kobieta,47.0,Wyższe,3256.49,05:07,,Zakupy
Mężczyzna,63.0,Wyższe,6138.4,15:56,16:43,Edukacja
Mężczyzna,62.0,Wyższe,4983.62,13:30,13:52,Rozrywka
Kobieta,35.0,Podstawowe,4535.16,16:51,16:28,Rozrywka
Mężczyzna,66.0,Średnie,9023.39,05:07,09:25,Zakupy
,39.0,Wyższe,4943.29,06:49,13:58,Rozrywka
Mężczyzna,20.0,Podstawowe,4128.74,08:55,14:04,Edukacja
Kobieta,47.0,Podstawowe,8059.11,07:52,15:00,Inne
Kobieta,21.0,Wyższe,7398.72,15:59,19:39,Edukacja
Mężczyzna,47.0,Wyższe,10225.8,20:01,04:05,Rozrywka
Mężczyzna,30.0,Podstawowe,5059.34,22:15,01:56,Inne
,,,3901.07,06:37,,
Mężczyzna,22.0,Wyższe,6087.0,14:35,18:31,Rozrywka
Mężczyzna,18.0,Wyższe,7933.88,20:43,20:24,Zakupy
Mężczyzna,67.0,Podstawowe,3945.35,21:21,01:45,Edukacja
Kobieta,44.0,Podstawowe,14791.9,09:12,10:00,Edukacja
Mężczyzna,45.0,Wyższe,9253.73,08:35,13:48,Rozrywka
Mężczyzna,65.0,Średnie,3371.9,09:17,11:26,Inne
Kobieta,58.0,Średnie,8252.74,07:38,15:27,Zakupy
Mężczyzna,67.0,Podstawowe,13334.12,10:55,21:31,Rozrywka
Kobieta,70.0,Średnie,8842.56,06:03,06:40,Praca
Kobieta,69.0,Wyższe,4880.27,09:20,15:52,Praca
Mężczyzna,53.0,Średnie,7273.59,14:20,15:41,Rozrywka
Mężczyzna,32.0,Podstawowe,7134.25,23:31,07:12,Zakupy
Kobieta,30.0,Wyższe,10099.56,13:55,19:57,Edukacja
Mężczyzna,23.0,Podstawowe,12929.1,05:25,07:23,Inne
Kobieta,46.0,Wyższe,8245.28,18:43,23:23,Praca
Mężczyzna,68.0,Wyższe,6781.48,18:34,01:57,Zakupy
Mężczyzna,63.0,Średnie,3289.23,22:04,03:05,Rozrywka
Kobieta,34.0,Średnie,12880.7,14:08,16:44,Edukacja
Kobieta,41.0,Podstawowe,8869.06,10:33,12:27,Edukacja
Kobieta,37.0,Średnie,12549.07,19:56,00:04,Rozrywka
Kobieta,59.0,Średnie,11776.72,09:35,20:45,Inne
Mężczyzna,35.0,Wyższe,11452.51,14:27,20:28,Inne
Mężczyzna,49.0,Wyższe,13782.67,12:30,15:57,Rozrywka
Kobieta,53.0,Średnie,4559.26,11:10,22:57,Rozrywka
Kobieta,43.0,Podstawowe,12123.36,21:15,23:18,Praca
Kobieta,40.0,Wyższe,6224.82,11:08,17:53,Inne
Mężczyzna,55.0,Średnie,5280.58,05:06,12:42,Zakupy
Kobieta,34.0,Wyższe,5878.54,08:11,15:33,Zakupy
Mężczyzna,69.0,Podstawowe,4588.83,22:37,23:27,Inne
Mężczyzna,56.0,Średnie,11656.26,06:30,09:56,Praca
Kobieta,65.0,Wyższe,3541.69,22:21,01:12,Praca
Kobieta,44.0,Wyższe,13831.36,12:09,21:30,Rozrywka
Kobieta,53.0,Wyższe,12452.73,22:44,03:12,Inne
Mężczyzna,63.0,Wyższe,5413.44,13:54,19:00,Inne
Mężczyzna,41.0,Średnie,14469.98,11:24,19:49,Inne
Kobieta,29.0,Podstawowe,13707.95,17:39,21:42,Rozrywka
Kobieta,20.0,Podstawowe,8997.01,11:23,18:02,Edukacja
,,Podstawowe,,13:34,,
Kobieta,21.0,Średnie,4736.03,10:54,21:03,Inne
Kobieta,37.0,Wyższe,8502.08,16:55,02:21,Zakupy
Kobieta,48.0,Wyższe,14153.78,10:30,11:51,Edukacja
Mężczyzna,44.0,Średnie,8335.28,23:53,04:53,Inne
Kobieta,45.0,Wyższe,14743.27,10:28,12:54,Praca
Mężczyzna,49.0,Średnie,9184.84,28:58,14:35,Praca
Mężczyzna,56.0,Wyższe,7642.38,22:06,06:32,Inne
Kobieta,53.0,Wyższe,10024.41,11:07,16:54,Praca
Mężczyzna,28.0,Średnie,5286.42,22:21,08:09,Zakupy
Mężczyzna,23.0,Średnie,13871.4,15:50,16:18,Edukacja
Mężczyzna,57.0,Średnie,10162.29,05:20,15:22,Rozrywka
,64.0,,,,,Praca
Kobieta,24.0,Średnie,3102.86,23:38,06:45,Inne
Mężczyzna,47.0,Wyższe,13879.76,20:33,03:03,Zakupy
Kobieta,54.0,Wyższe,13874.73,19:00,21:55,Inne
Mężczyzna,62.0,Wyższe,3710.32,11:14,21:53,Edukacja
Kobieta,52.0,Wyższe,10119.14,19:42,02:24,Inne
Mężczyzna,70.0,Wyższe,7383.68,05:42,06:27,Praca
Mężczyzna,43.0,Wyższe,3378.49,21:22,00:38,Inne
Mężczyzna,50.0,Średnie,11122.43,06:38,12:15,Rozrywka
Mężczyzna,47.0,Podstawowe,11967.35,22:12,05:08,Inne
Mężczyzna,18.0,Średnie,8509.71,06:56,15:06,Inne
Mężczyzna,52.0,Wyższe,13351.56,12:12,19:17,Praca
Kobieta,70.0,Średnie,13182.64,16:52,01:52,Inne
Kobieta,33.0,Średnie,6066.09,17:27,22:40,Zakupy
Mężczyzna,29.0,Wyższe,12848.57,08:38,18:47,Zakupy
Kobieta,55.0,Średnie,5817.42,22:04,07:42,Rozrywka
Mężczyzna,58.0,,14233.2,14:54,18:20,Edukacja
Mężczyzna,35.0,Średnie,3291.28,11:43,15:36,Praca
Mężczyzna,23.0,Wyższe,9365.6,21:51,23:56,Inne
Mężczyzna,44.0,Średnie,9105.61,14:49,21:52,Praca
Kobieta,46.0,Wyższe,12861.98,06:32,15:17,Zakupy
Mężczyzna,21.0,Podstawowe,9003.92,16:01,19:09,Zakupy
Mężczyzna,31.0,Podstawowe,6482.29,18:28,02:16,Rozrywka
Mężczyzna,22.0,Wyższe,11481.67,08:04,12:30,Rozrywka
,53.0,Podstawowe,8292.13,13:59,22:11,Rozrywka
Mężczyzna,45.0,Wyższe,3074.06,12:44,17:47,Edukacja
Mężczyzna,70.0,Wyższe,11891.78,21:02,07:13,Rozrywka
Kobieta,60.0,Średnie,13716.77,12:06,13:49,Zakupy
Kobieta,65.0,Podstawowe,13580.71,14:25,01:04,Inne
Mężczyzna,22.0,Wyższe,3505.4,22:01,01:08,Edukacja
Kobieta,58.0,Wyższe,6183.44,07:50,16:47,Inne
Kobieta,43.0,Wyższe,3922.73,11:33,22:06,Zakupy
Kobieta,66.0,Podstawowe,7659.04,18:35,01:53,Rozrywka
Mężczyzna,47.0,Wyższe,12575.02,18:44,21:37,Zakupy
Kobieta,37.0,Wyższe,12590.32,21:45,06:35,Zakupy
Kobieta,60.0,Podstawowe,3312.51,22:16,02:58,Rozrywka
Mężczyzna,60.0,Wyższe,7842.52,17:55,06:00,Inne
Kobieta,70.0,Podstawowe,3938.01,16:41,20:14,Inne
Kobieta,31.0,Podstawowe,13428.02,17:50,02:49,Rozrywka
Kobieta,34.0,Podstawowe,13641.73,10:16,10:13,Edukacja
Mężczyzna,69.0,Średnie,3273.33,15:41,15:12,Inne
Kobieta,19.0,Średnie,13972.82,11:17,17:02,Zakupy
Kobieta,36.0,Podstawowe,,17:01,19:15,Edukacja
Mężczyzna,41.0,Wyższe,6136.41,07:30,18:40,Rozrywka
,,Podstawowe,12898.98,,,
Mężczyzna,19.0,Średnie,4068.67,22:41,23:51,Zakupy
Kobieta,18.0,Średnie,10473.62,18:46,19:35,Inne
Mężczyzna,65.0,Wyższe,3620.62,10:12,21:00,Zakupy
Kobieta,42.0,Wyższe,10133.87,,07:21,Praca
Kobieta,54.0,Średnie,5483.49,08:56,10:50,Edukacja
Mężczyzna,62.0,Średnie,6266.0,15:25,21:10,Praca
Mężczyzna,68.0,Wyższe,13634.72,13:57,14:25,Praca
Kobieta,54.0,Podstawowe,14941.47,06:02,19:50,Zakupy
Mężczyzna,27.0,Podstawowe,3972.98,21:18,00:58,Rozrywka
Mężczyzna,59.0,Średnie,9790.83,16:13,17:17,
Kobieta,27.0,Podstawowe,10968.85,10:35,13:35,Praca
Mężczyzna,45.0,Średnie,14781.14,09:02,14:34,Praca
Mężczyzna,69.0,Wyższe,6921.39,22:47,07:14,Zakupy
Mężczyzna,30.0,Wyższe,8805.86,16:53,22:40,Zakupy
Kobieta,36.0,Wyższe,8277.63,19:00,01:43,Zakupy
Kobieta,37.0,Średnie,10306.76,19:34,22:39,Rozrywka
Kobieta,20.0,Średnie,4892.75,13:53,15:28,Zakupy
Mężczyzna,30.0,Średnie,5295.1,12:12,12:35,Edukacja
Mężczyzna,24.0,Podstawowe,11982.32,15:27,15:55,Rozrywka
Mężczyzna,69.0,Średnie,3459.51,20:23,01:19,Zakupy
Mężczyzna,48.0,Średnie,7105.39,16:52,21:44,Inne
Mężczyzna,22.0,Podstawowe,7544.02,14:23,21:26,Rozrywka
Kobieta,32.0,Wyższe,12302.82,19:38,00:14,Praca
Mężczyzna,18.0,Wyższe,11573.95,12:38,22:31,Edukacja
Mężczyzna,68.0,Średnie,6138.5,14:31,01:15,Inne
Kobieta,30.0,Średnie,5276.9,07:40,13:23,Edukacja
Mężczyzna,61.0,Podstawowe,5453.21,09:36,13:59,Zakupy
Kobieta,33.0,Średnie,9620.62,17:42,21:30,Praca
Mężczyzna,59.0,Podstawowe,5103.99,07:25,15:38,Rozrywka
Mężczyzna,67.0,Podstawowe,5924.2,19:44,05:27,Zakupy
Kobieta,69.0,Podstawowe,,10:54,19:28,Inne
Kobieta,67.0,Wyższe,14868.01,11:14,22:23,Rozrywka
Kobieta,24.0,Średnie,13743.17,07:54,15:35,Edukacja
Kobieta,36.0,Średnie,4802.37,09:15,11:04,Zakupy
Mężczyzna,41.0,Wyższe,6041.28,05:27,07:19,Edukacja
Mężczyzna,39.0,Średnie,10138.64,20:53,23:01,Praca
Kobieta,18.0,Średnie,9299.25,20:53,01:38,Rozrywka
Kobieta,50.0,Wyższe,3827.71,22:19,09:18,Rozrywka
Mężczyzna,36.0,Podstawowe,12848.06,22:45,02:39,Inne
Kobieta,47.0,Średnie,7837.39,19:26,00:15,Rozrywka
Kobieta,30.0,Wyższe,9850.86,06:51,11:11,Praca
,48.0,Podstawowe,8196.78,10:24,12:04,Inne
Kobieta,66.0,Podstawowe,10572.92,12:24,15:15,Inne
Mężczyzna,35.0,Średnie,12748.07,10:59,12:49,Rozrywka
Mężczyzna,45.0,Średnie,9399.98,21:15,08:53,Edukacja
Kobieta,44.0,Wyższe,7242.71,05:22,12:22,Rozrywka
Mężczyzna,31.0,Średnie,6968.47,16:37,16:11,Edukacja
Mężczyzna,22.0,Podstawowe,7267.9,10:48,17:16,Praca
Mężczyzna,26.0,Wyższe,5471.9,21:04,22:10,Praca
Mężczyzna,56.0,Podstawowe,4647.72,13:58,20:08,Zakupy
Kobieta,24.0,Wyższe,14623.83,17:59,04:57,Rozrywka
Mężczyzna,33.0,Wyższe,8399.15,06:45,15:28,Zakupy
Kobieta,38.0,Wyższe,7990.5,15:45,22:43,Rozrywka
Mężczyzna,51.0,Wyższe,11433.9,05:41,16:50,Zakupy
Kobieta,70.0,Średnie,6509.76,19:11,04:42,Inne
Kobieta,37.0,Wyższe,3832.18,07:49,18:21,Praca
Kobieta,65.0,Podstawowe,9381.02,07:19,16:56,Inne
Kobieta,26.0,Średnie,4177.4,23:01,06:32,Inne
Mężczyzna,67.0,Podstawowe,6169.57,13:15,18:45,Zakupy
Mężczyzna,51.0,Wyższe,8752.65,08:18,19:42,Praca
Kobieta,48.0,Wyższe,3156.97,08:36,18:19,Zakupy
Mężczyzna,54.0,Wyższe,13355.55,09:38,15:03,Edukacja
Mężczyzna,47.0,Wyższe,7541.49,21:39,03:15,Rozrywka
Kobieta,59.0,Wyższe,5140.43,07:19,16:12,Inne
Mężczyzna,34.0,Wyższe,7771.62,22:35,08:53,Rozrywka
Mężczyzna,23.0,Podstawowe,5286.0,18:53,21:10,Inne
Mężczyzna,43.0,Wyższe,5279.95,22:13,02:47,Praca
Mężczyzna,54.0,Średnie,5921.73,19:36,04:51,Rozrywka
Kobieta,29.0,Średnie,4240.71,18:31,20:25,Praca
Kobieta,60.0,Wyższe,3076.36,11:05,17:45,Edukacja
,67.0,Średnie,9349.2,23:10,06:25,Rozrywka
Kobieta,62.0,Podstawowe,9579.62,19:25,05:17,Rozrywka
Kobieta,21.0,Średnie,12756.22,13:34,20:22,Rozrywka
Kobieta,50.0,Wyższe,12323.8,16:53,18:38,Zakupy
Mężczyzna,60.0,Podstawowe,5158.64,16:32,17:27,Zakupy
Mężczyzna,37.0,Podstawowe,8129.46,16:03,22:37,Inne
Mężczyzna,63.0,Podstawowe,,06:58,06:48,Inne
Kobieta,30.0,Wyższe,11242.13,23:37,05:12,Zakupy
Kobieta,53.0,Średnie,11720.62,15:23,21:35,Zakupy
Kobieta,18.0,Podstawowe,11646.11,12:05,22:52,Zakupy
Kobieta,59.0,Wyższe,12412.75,19:04,00:43,Rozrywka
Mężczyzna,20.0,Podstawowe,14383.26,10:38,11:48,Edukacja
Mężczyzna,19.0,Podstawowe,6923.16,10:30,16:02,Edukacja
Kobieta,23.0,Średnie,11631.69,22:33,04:10,Rozrywka
Kobieta,18.0,Podstawowe,12594.41,06:28,11:17,Zakupy
Kobieta,,Podstawowe,10167.83,20:37,00:24,Rozrywka
Kobieta,,Średnie,9320.39,08:22,11:20,Praca
Mężczyzna,27.0,Wyższe,8633.72,20:13,06:24,Praca
Kobieta,62.0,Podstawowe,13644.84,29:31,21:24,Edukacja
Mężczyzna,53.0,Wyższe,4932.96,22:54,02:05,Zakupy
Kobieta,30.0,Wyższe,3588.41,15:03,02:59,Praca
Mężczyzna,67.0,Wyższe,12028.93,12:38,20:47,Zakupy
Kobieta,68.0,Średnie,6618.27,17:24,01:23,Inne
Kobieta,66.0,Podstawowe,14291.43,23:29,07:59,Inne
Mężczyzna,28.0,Podstawowe,10388.52,21:21,08:35,Zakupy
Mężczyzna,19.0,Wyższe,,07:07,17:05,Edukacja
Mężczyzna,47.0,Wyższe,10289.18,05:44,16:45,Rozrywka
Mężczyzna,44.0,Podstawowe,8791.8,05:22,10:14,Edukacja
Kobieta,35.0,Średnie,14496.42,15:10,18:49,Rozrywka
Kobieta,18.0,Wyższe,5390.82,07:02,20:00,Praca
Kobieta,33.0,Podstawowe,4101.43,14:54,23:27,Edukacja
Kobieta,36.0,Wyższe,10144.04,10:42,10:48,Inne
Kobieta,25.0,Wyższe,12856.4,12:57,13:00,Zakupy
Mężczyzna,21.0,Średnie,8776.19,13:21,19:01,Zakupy
Kobieta,24.0,Podstawowe,8289.64,19:27,08:47,Rozrywka
Mężczyzna,43.0,Wyższe,9032.02,23:51,12:36,Zakupy
Kobieta,64.0,Średnie,7963.8,12:33,16:50,Rozrywka
Mężczyzna,22.0,Średnie,3853.61,23:51,02:12,Rozrywka
Mężczyzna,21.0,Wyższe,7387.92,05:57,15:04,Zakupy
Mężczyzna,52.0,Podstawowe,5052.57,09:18,16:50,Inne
Kobieta,41.0,Średnie,14751.38,14:23,20:56,Rozrywka
,49.0,Podstawowe,6325.49,05:59,14:01,Zakupy
Kobieta,32.0,Podstawowe,6007.66,13:46,16:23,Inne
Mężczyzna,69.0,Średnie,11858.57,19:10,23:03,Edukacja
Kobieta,58.0,Średnie,11486.14,10:05,12:01,Inne
Kobieta,18.0,Wyższe,9663.32,07:32,15:47,Praca
Kobieta,54.0,Podstawowe,3640.4,22:13,05:26,Praca
Mężczyzna,23.0,Średnie,8157.26,14:37,01:55,Zakupy
Mężczyzna,41.0,Średnie,6857.98,14:10,01:44,Rozrywka
Mężczyzna,31.0,Wyższe,9536.68,15:03,18:43,Zakupy
Kobieta,67.0,Podstawowe,10832.13,18:24,04:30,Zakupy
Mężczyzna,69.0,Podstawowe,4833.08,16:17,01:14,Rozrywka
Kobieta,18.0,Wyższe,9484.6,15:53,00:33,Inne
Mężczyzna,33.0,Wyższe,6148.72,14:33,20:34,Praca
Mężczyzna,24.0,Wyższe,6267.7,11:48,22:37,Inne
Kobieta,33.0,Podstawowe,11798.33,06:02,15:44,Edukacja
Kobieta,56.0,Podstawowe,8711.98,19:31,21:16,Inne
Kobieta,36.0,Wyższe,11159.86,15:35,02:58,Praca
Kobieta,41.0,Wyższe,12301.18,18:51,04:35,Praca
Kobieta,24.0,Podstawowe,13256.6,22:12,02:18,Edukacja
Mężczyzna,33.0,Wyższe,10399.35,22:06,05:00,Praca
Mężczyzna,34.0,Średnie,7839.72,28:11,13:18,Rozrywka
Kobieta,23.0,Podstawowe,3480.64,13:47,22:36,Zakupy
Mężczyzna,24.0,Średnie,4439.52,10:32,20:30,Edukacja
Mężczyzna,43.0,Średnie,12021.82,16:51,16:46,Rozrywka
Mężczyzna,42.0,Podstawowe,5037.81,19:13,23:32,Praca
,,Podstawowe,,19:30,,
Mężczyzna,22.0,Wyższe,14158.0,13:31,22:40,Inne
Kobieta,23.0,Wyższe,3487.91,11:54,18:02,Edukacja
Kobieta,57.0,Podstawowe,14187.78,12:19,22:55,Rozrywka
Kobieta,69.0,Wyższe,6690.51,09:48,19:20,Rozrywka
Mężczyzna,23.0,Wyższe,7434.04,17:49,03:46,Inne
Mężczyzna,41.0,Podstawowe,9361.24,07:48,09:38,Praca
Kobieta,55.0,Średnie,13371.27,22:15,03:11,Edukacja
Mężczyzna,18.0,Średnie,10689.54,18:38,01:05,Rozrywka
Kobieta,18.0,Wyższe,3332.72,18:44,05:42,Rozrywka
Mężczyzna,23.0,Średnie,9605.03,15:44,18:33,Edukacja
Mężczyzna,38.0,Podstawowe,7574.81,15:27,22:09,Edukacja
Kobieta,63.0,Średnie,5855.95,11:58,21:42,Zakupy
Mężczyzna,34.0,Średnie,8464.3,23:58,02:20,Rozrywka
Mężczyzna,23.0,Wyższe,4835.42,20:27,06:09,Rozrywka
Mężczyzna,21.0,Średnie,12209.0,17:38,00:18,Praca
Mężczyzna,42.0,Wyższe,10968.37,11:58,16:43,Edukacja
Kobieta,70.0,Podstawowe,3941.6,23:46,09:10,Inne
Mężczyzna,27.0,Podstawowe,10386.64,12:23,23:45,Inne
Mężczyzna,33.0,Średnie,12947.29,08:55,14:04,Rozrywka
Mężczyzna,38.0,Średnie,9346.24,12:51,16:26,Praca
Mężczyzna,26.0,Średnie,3519.61,05:24,13:57,Rozrywka
Kobieta,47.0,Podstawowe,6326.41,22:41,02:21,Zakupy
Kobieta,62.0,Wyższe,11072.93,19:13,19:25,Inne
Kobieta,42.0,Średnie,10743.63,15:41,20:28,Praca
Kobieta,23.0,Wyższe,8658.62,16:48,19:26,Praca
Kobieta,25.0,Wyższe,6989.39,13:17,22:12,Inne
Kobieta,52.0,Wyższe,5444.62,07:21,09:40,Edukacja
Mężczyzna,57.0,Wyższe,6375.34,07:46,10:50,Zakupy
,,,3028.83,,,Edukacja
Mężczyzna,61.0,Podstawowe,8758.62,15:17,21:12,Inne
Kobieta,18.0,Średnie,5301.24,23:22,02:49,
Kobieta,33.0,Wyższe,10722.78,18:33,02:25,Inne
Kobieta,60.0,Podstawowe,8555.59,09:04,19:06,Rozrywka
Mężczyzna,49.0,Wyższe,7060.75,10:02,18:15,Zakupy
Kobieta,22.0,Podstawowe,4183.85,11:16,16:47,Edukacja
Kobieta,42.0,Wyższe,11174.05,26:38,05:42,Inne
Mężczyzna,37.0,Wyższe,6638.59,08:34,14:51,Rozrywka
Mężczyzna,46.0,Średnie,9758.33,07:17,11:37,Edukacja
Kobieta,22.0,Podstawowe,5066.07,13:24,18:46,Zakupy
Mężczyzna,18.0,Średnie,8262.74,22:33,01:58,Edukacja
Kobieta,49.0,Wyższe,11239.29,05:08,09:35,Edukacja
Mężczyzna,65.0,Wyższe,13315.62,16:05,00:14,Praca
Kobieta,55.0,Średnie,4616.58,05:26,15:47,Edukacja
Kobieta,37.0,Średnie,7532.94,06:46,16:37,Praca
Kobieta,59.0,Podstawowe,13824.4,10:12,13:22,Rozrywka
Kobieta,65.0,Wyższe,5480.91,05:07,11:56,Edukacja
Kobieta,46.0,Podstawowe,10141.86,07:44,08:05,Edukacja
Mężczyzna,44.0,Średnie,5128.63,20:39,07:54,Rozrywka
Mężczyzna,38.0,Podstawowe,6976.47,06:26,16:24,Edukacja
Mężczyzna,42.0,Wyższe,13485.72,17:29,17:53,Edukacja
Mężczyzna,37.0,Wyższe,4719.25,16:10,20:51,Edukacja
Kobieta,42.0,Wyższe,7065.17,08:31,18:00,Inne
Mężczyzna,50.0,Podstawowe,5954.1,10:24,13:19,Zakupy
Mężczyzna,69.0,Wyższe,12243.56,16:18,05:07,Edukacja
Kobieta,35.0,Wyższe,3205.34,13:54,21:08,Edukacja
Kobieta,64.0,Podstawowe,5775.3,11:58,16:38,Rozrywka
Mężczyzna,34.0,Wyższe,13237.83,06:04,06:02,Praca
Kobieta,,Podstawowe,7543.41,21:27,21:26,Edukacja
Kobieta,35.0,Podstawowe,13342.83,14:36,23:41,Rozrywka
Mężczyzna,69.0,Podstawowe,7247.82,14:14,20:30,Inne
Mężczyzna,53.0,Średnie,11241.27,16:26,16:57,Zakupy
Mężczyzna,61.0,Średnie,5242.72,09:18,13:40,Zakupy
Kobieta,41.0,Średnie,4317.68,23:59,01:43,Zakupy
Mężczyzna,30.0,Wyższe,13889.68,11:27,19:27,Edukacja
Kobieta,60.0,Średnie,5804.36,05:41,05:08,Inne
Mężczyzna,47.0,Wyższe,4084.68,12:39,17:18,Praca
Mężczyzna,31.0,Podstawowe,4208.1,09:49,11:49,Inne
Mężczyzna,62.0,Podstawowe,9180.3,19:02,03:53,Inne
Kobieta,41.0,Podstawowe,11322.05,15:25,22:57,Rozrywka
Mężczyzna,55.0,Średnie,10978.34,23:31,06:38,Rozrywka
Mężczyzna,51.0,Podstawowe,9095.32,17:47,21:59,Rozrywka
Mężczyzna,,Podstawowe,3084.91,05:22,10:08,Inne
Mężczyzna,20.0,Podstawowe,13775.72,13:00,21:44,Zakupy
Mężczyzna,41.0,Średnie,9042.8,20:23,03:18,Zakupy
Kobieta,50.0,Podstawowe,10684.47,16:51,02:54,Inne
Mężczyzna,52.0,Wyższe,6007.48,16:06,21:37,Edukacja
Kobieta,46.0,Średnie,14919.45,10:44,16:16,Edukacja
Mężczyzna,58.0,Wyższe,8708.89,12:07,17:59,Inne
Kobieta,33.0,Wyższe,5536.17,18:36,20:58,Inne
Kobieta,23.0,Wyższe,14368.74,22:04,03:00,Zakupy
Mężczyzna,54.0,Średnie,11869.85,09:31,14:20,Edukacja
Kobieta,26.0,Średnie,14619.51,07:11,07:55,Edukacja
Kobieta,48.0,Średnie,10356.56,13:36,18:15,Rozrywka
Mężczyzna,18.0,Podstawowe,10549.57,22:46,03:10,Praca
Kobieta,34.0,Średnie,3140.98,06:46,08:54,Edukacja
Kobieta,67.0,Podstawowe,11569.51,15:28,20:57,Rozrywka
Mężczyzna,65.0,Średnie,7192.36,05:27,14:42,Edukacja
Mężczyzna,55.0,Średnie,3240.27,16:55,19:17,Zakupy
Mężczyzna,64.0,Wyższe,10951.35,19:23,01:57,Inne
Mężczyzna,51.0,Wyższe,9827.62,13:14,00:42,Praca
Kobieta,52.0,Wyższe,5465.4,06:46,17:03,Zakupy
Mężczyzna,43.0,Wyższe,3101.24,11:53,16:53,Zakupy
,45.0,Średnie,10021.29,07:11,18:17,Praca
Mężczyzna,62.0,Średnie,11863.1,14:55,01:44,Zakupy
Mężczyzna,36.0,Wyższe,6976.43,23:00,10:46,Zakupy
Mężczyzna,63.0,Średnie,6146.68,12:40,23:20,Edukacja
Mężczyzna,70.0,Średnie,5673.82,22:12,03:25,Edukacja
Kobieta,46.0,Średnie,12222.98,23:03,08:59,Edukacja
Kobieta,32.0,Wyższe,3072.62,18:07,23:03,Zakupy
Mężczyzna,62.0,Podstawowe,5189.78,15:43,20:59,Praca
Mężczyzna,34.0,Średnie,14721.52,09:12,10:43,Praca
Kobieta,29.0,Podstawowe,12344.81,12:28,14:21,Rozrywka
Kobieta,63.0,Średnie,9367.9,09:06,20:48,Edukacja
Mężczyzna,58.0,Podstawowe,14934.93,17:35,04:04,Rozrywka
Kobieta,19.0,Podstawowe,9991.63,10:14,12:41,Praca
Kobieta,22.0,Średnie,4213.36,18:12,02:08,Rozrywka
,,,10873.65,15:32,,
Mężczyzna,31.0,Podstawowe,10384.6,17:00,00:41,Zakupy
Kobieta,24.0,Wyższe,6694.13,22:56,07:26,Praca
Mężczyzna,48.0,Podstawowe,14361.64,21:43,08:59,Rozrywka
Kobieta,21.0,Podstawowe,13177.36,13:38,21:16,Praca
Kobieta,23.0,Podstawowe,14920.43,23:06,05:49,Zakupy
Kobieta,70.0,Podstawowe,6892.73,14:27,20:36,Zakupy
Kobieta,35.0,Średnie,5840.66,07:46,20:37,Rozrywka
Mężczyzna,38.0,Wyższe,14310.86,08:39,18:59,Rozrywka
Kobieta,56.0,Średnie,12330.06,06:21,10:35,Rozrywka
Mężczyzna,28.0,Wyższe,6218.93,23:49,06:58,Zakupy
Kobieta,68.0,Podstawowe,11140.19,12:35,17:55,Inne
Mężczyzna,40.0,Średnie,8961.41,11:18,14:00,Edukacja
Kobieta,67.0,Podstawowe,6947.82,15:54,16:33,Praca
Mężczyzna,20.0,Podstawowe,9980.4,18:32,02:20,Zakupy
Mężczyzna,30.0,Średnie,3099.62,07:27,08:23,Rozrywka
Mężczyzna,58.0,Średnie,4450.11,22:17,08:05,Zakupy
Kobieta,25.0,Średnie,7539.39,12:45,16:55,Zakupy
Kobieta,25.0,Średnie,10661.0,10:39,18:12,Rozrywka
Mężczyzna,61.0,Podstawowe,5544.77,12:51,19:53,Rozrywka
Mężczyzna,50.0,Średnie,13289.62,15:26,20:27,Inne
Kobieta,37.0,Średnie,6969.23,10:40,12:51,Edukacja
Kobieta,68.0,Średnie,5769.33,16:35,17:02,Praca
Mężczyzna,26.0,Wyższe,7625.36,08:15,14:39,Inne
Kobieta,35.0,Średnie,10435.67,13:38,19:50,Zakupy
Mężczyzna,51.0,Podstawowe,11250.92,16:26,20:26,Praca
Mężczyzna,31.0,Średnie,12574.08,,08:51,Inne
Kobieta,42.0,Podstawowe,3660.56,15:43,02:58,Praca
Mężczyzna,47.0,Średnie,14143.09,19:40,01:21,Rozrywka
Kobieta,69.0,Wyższe,11629.04,,02:21,Zakupy
Mężczyzna,63.0,Wyższe,8414.03,14:15,21:39,Praca
Kobieta,61.0,Podstawowe,12549.2,09:55,20:05,Rozrywka
Mężczyzna,26.0,Średnie,8252.7,12:08,21:52,Rozrywka
Mężczyzna,35.0,Średnie,11573.91,07:28,16:02,Inne
Mężczyzna,36.0,Wyższe,8483.37,11:33,19:01,Praca
Kobieta,29.0,Średnie,14781.94,23:50,09:31,Rozrywka
,53.0,Średnie,5051.68,13:40,00:25,Rozrywka
Mężczyzna,26.0,Średnie,12304.78,14:20,01:08,Edukacja
Kobieta,50.0,Podstawowe,5849.71,07:18,16:22,Inne
Kobieta,32.0,Średnie,8498.19,16:54,22:39,Zakupy
Mężczyzna,53.0,Podstawowe,3099.58,16:36,01:53,Rozrywka
Mężczyzna,39.0,Średnie,9997.6,06:24,10:15,Zakupy
Mężczyzna,23.0,Średnie,14732.33,18:46,21:56,Zakupy
Kobieta,34.0,Średnie,12634.2,07:13,17:22,Praca
Mężczyzna,58.0,Wyższe,10504.42,14:34,20:05,Edukacja
Mężczyzna,47.0,Podstawowe,6673.37,10:38,20:59,Inne
Kobieta,62.0,Podstawowe,11956.29,08:15,13:06,Edukacja
Kobieta,54.0,Podstawowe,13982.33,16:29,16:05,Edukacja
Mężczyzna,38.0,Wyższe,14504.94,23:23,00:27,Zakupy
Mężczyzna,32.0,Średnie,13580.71,06:22,14:19,Zakupy
Kobieta,23.0,Średnie,9917.6,05:28,16:40,Zakupy
Mężczyzna,48.0,Podstawowe,7032.89,14:26,23:50,Edukacja
Mężczyzna,19.0,Średnie,5508.02,23:10,05:58,Rozrywka
Mężczyzna,69.0,Wyższe,8970.96,06:38,13:12,Zakupy
Kobieta,38.0,Średnie,9097.06,22:47,23:51,Praca
Mężczyzna,49.0,Średnie,4147.95,14:46,18:27,Praca
Kobieta,65.0,Średnie,9753.37,21:33,08:48,Inne
Mężczyzna,39.0,Podstawowe,5224.69,21:57,06:12,Praca
Kobieta,60.0,Wyższe,11805.49,15:31,21:51,Inne
Kobieta,27.0,Podstawowe,12539.57,08:11,08:35,Praca
Mężczyzna,60.0,Podstawowe,12190.85,15:15,22:29,Edukacja
Kobieta,24.0,Podstawowe,8285.54,20:59,21:56,Praca
Kobieta,26.0,Podstawowe,12163.7,15:33,,Zakupy
Mężczyzna,44.0,Średnie,13266.52,21:47,08:30,Praca
Kobieta,31.0,Wyższe,5720.38,17:45,20:11,Rozrywka
Mężczyzna,34.0,Podstawowe,3609.48,16:00,03:10,Praca
Mężczyzna,36.0,Wyższe,9713.96,20:47,04:17,Edukacja
Mężczyzna,36.0,Podstawowe,12032.67,22:41,23:33,Edukacja
Kobieta,41.0,Średnie,10136.19,12:12,20:35,Zakupy
Mężczyzna,49.0,Podstawowe,10888.38,14:07,23:35,Zakupy
Mężczyzna,20.0,Wyższe,6381.15,23:01,00:15,Praca
Mężczyzna,34.0,Podstawowe,10373.66,11:31,12:54,Praca
Mężczyzna,22.0,Podstawowe,6392.44,15:22,02:46,Rozrywka
Mężczyzna,33.0,Podstawowe,3546.43,23:34,09:32,Rozrywka
Mężczyzna,64.0,Średnie,3416.36,11:49,22:04,Rozrywka
Mężczyzna,61.0,Wyższe,12369.82,23:04,07:00,Inne
Kobieta,22.0,Średnie,11381.04,11:43,,Edukacja
Kobieta,26.0,Podstawowe,13298.1,12:50,14:20,Praca
Mężczyzna,64.0,Średnie,3552.91,16:02,16:54,Praca
Kobieta,26.0,Średnie,5635.69,10:57,10:28,Rozrywka
Mężczyzna,63.0,Podstawowe,3834.65,14:42,19:02,Edukacja
Kobieta,52.0,Podstawowe,3624.9,11:54,16:15,Inne
Mężczyzna,44.0,Wyższe,7992.5,18:07,23:03,Inne
Mężczyzna,57.0,Wyższe,6919.48,22:14,05:20,Edukacja
Mężczyzna,27.0,Podstawowe,4128.78,09:26,20:54,Zakupy
Kobieta,37.0,Podstawowe,9423.16,10:45,21:22,Edukacja
Kobieta,37.0,Wyższe,7751.79,16:56,01:11,Praca
Kobieta,38.0,Podstawowe,12655.4,09:28,22:31,Edukacja
Kobieta,60.0,Podstawowe,3407.81,12:58,15:48,Praca
Kobieta,69.0,Wyższe,10210.81,23:28,03:36,Inne
Kobieta,66.0,Średnie,11667.27,15:00,01:49,Praca
Kobieta,63.0,Podstawowe,5788.3,19:56,22:25,Inne
Kobieta,43.0,Podstawowe,10326.72,17:20,00:01,Praca
Kobieta,33.0,Wyższe,14069.08,06:48,14:48,Edukacja
Mężczyzna,20.0,Wyższe,11159.62,12:54,19:36,Praca
Mężczyzna,52.0,Podstawowe,8263.01,20:50,03:38,Edukacja
Mężczyzna,53.0,Średnie,3561.99,13:16,14:37,Praca
Mężczyzna,48.0,Średnie,12352.22,20:49,23:13,Edukacja
Kobieta,58.0,Wyższe,4008.97,07:11,09:18,Praca
Kobieta,52.0,Wyższe,4463.2,16:16,21:39,Edukacja
Mężczyzna,51.0,Średnie,10454.58,09:17,15:20,Edukacja
Kobieta,67.0,Średnie,6213.04,14:40,22:08,Zakupy
Mężczyzna,24.0,Średnie,7630.69,15:59,21:56,Inne
Kobieta,34.0,Podstawowe,11513.83,08:56,13:23,Rozrywka
Mężczyzna,44.0,Średnie,,21:09,05:05,Edukacja
Mężczyzna,24.0,Średnie,13930.62,05:35,10:50,Edukacja
Mężczyzna,50.0,Średnie,7268.69,11:12,18:29,Inne
Kobieta,26.0,Wyższe,6130.3,14:49,01:53,Inne
Mężczyzna,22.0,Średnie,12826.23,22:00,05:41,Zakupy
Mężczyzna,24.0,Średnie,7561.28,18:37,21:51,Rozrywka
Mężczyzna,24.0,Średnie,3924.92,11:48,18:17,Praca
Kobieta,29.0,Średnie,9633.97,14:44,19:59,Rozrywka
Kobieta,67.0,Średnie,3151.7,05:22,15:42,Zakupy
Mężczyzna,41.0,Wyższe,11805.25,08:35,14:58,Rozrywka
Kobieta,59.0,Wyższe,3510.41,19:34,03:57,Zakupy
Mężczyzna,18.0,Wyższe,5410.12,07:27,16:19,Rozrywka
Kobieta,65.0,Wyższe,9272.64,13:33,21:45,Edukacja
Mężczyzna,61.0,Wyższe,5190.62,12:51,17:44,Praca
Mężczyzna,61.0,Wyższe,8934.24,21:09,01:21,Zakupy
Mężczyzna,50.0,Średnie,12248.99,07:19,12:05,Praca
Mężczyzna,41.0,Średnie,10395.65,15:59,22:19,Edukacja
Kobieta,23.0,Podstawowe,5304.04,22:30,23:38,Zakupy
Mężczyzna,65.0,Wyższe,10558.2,06:53,11:47,Praca
Kobieta,62.0,Średnie,14538.43,13:24,15:32,Praca
Mężczyzna,21.0,Wyższe,13899.23,10:53,20:05,Rozrywka
Kobieta,62.0,Podstawowe,4223.84,16:28,22:09,Praca
Kobieta,38.0,Średnie,5325.12,09:37,19:48,Inne
Kobieta,58.0,Średnie,4896.87,07:42,08:33,Edukacja
Mężczyzna,19.0,Podstawowe,6409.75,15:15,15:30,Edukacja
